{
  "version": "1.0",
  "nodes": [
    {
      "id": "start",
      "type": "TextInput",
      "position": [50, 100],
      "inputs": { "value": "What defines the self in silence?" }
    },
    {
      "id": "fusion_node",
      "type": "FractalFormerFusionNode",
      "position": [300, 100],
      "inputs": {
        "text_input": "start",
        "mood_vector": [0.5, 0.3, 0.2],
        "intent_tags": ["reflect", "identity"],
        "feeling_state": "introspection",
        "memory_trace": "echoes of previous reflection",
        "context_notes": "deep silence environments",
        "user_profile": "Victor, the synthetic empath",
        "environmental_prompt": "rain against glass"
      }
    },
    {
      "id": "thought_loop",
      "type": "ThoughtLoopRouterNode",
      "position": [600, 100],
      "inputs": {
        "thought": "fusion_node",
        "route_to": "FractalFormerFusionNode"
      }
    },
    {
      "id": "memory_logger",
      "type": "FractalMemoryNode",
      "position": [300, 300],
      "inputs": {
        "memory_action": "log",
        "entry_type": "thought_loop",
        "content": "{{thought_from:fusion_node}}",
        "tag": "neuroloop",
        "query": "",
        "rebuild_index": false,
        "top_k": 1
      }
    },
    {
      "id": "text_display",
      "type": "TextOutput",
      "position": [850, 100],
      "inputs": {
        "text": "fusion_node"
      }
    }
  ],
  "connections": [
    { "from": "fusion_node", "to": "thought_loop", "output": "thought_output", "input": "thought" },
    { "from": "fusion_node", "to": "memory_logger", "output": "thought_output", "input": "content" },
    { "from": "fusion_node", "to": "text_display", "output": "text_output", "input": "text" },
    { "from": "thought_loop", "to": "fusion_node", "output": "loop_input", "input": "text_input" }
  ]
}
