{
  "version": "1.0",
  "nodes": [
    {
      "id": "tokenizer_node",
      "type": "FractalTokenizerNode",
      "position": [100, 100],
      "inputs": {
        "text": "Enter your fractal query here...",
        "depth": 5,
        "mood_vector": [0.6, 0.3, 0.1],
        "intent_tags": ["reflect", "analyze"]
      }
    },
    {
      "id": "interpreter_node",
      "type": "FractalIntentInterpreterNode",
      "position": [400, 80],
      "inputs": {
        "tokens": "tokenizer_node",
        "strategy": "dominant"
      }
    },
    {
      "id": "reflector_node",
      "type": "AutoencoderReflectorNode",
      "position": [400, 200],
      "inputs": {
        "tokens": "tokenizer_node",
        "mode": "summarize"
      }
    },
    {
      "id": "pulse_ui_node",
      "type": "FractalPulseVisualizerNode",
      "position": [700, 140],
      "inputs": {
        "pulse_stream": "tokenizer_node"
      }
    }
  ],
  "connections": [
    {
      "from": "tokenizer_node",
      "to": "interpreter_node",
      "output": "tokens",
      "input": "tokens"
    },
    {
      "from": "tokenizer_node",
      "to": "reflector_node",
      "output": "tokens",
      "input": "tokens"
    },
    {
      "from": "tokenizer_node",
      "to": "pulse_ui_node",
      "output": "diagnostics",
      "input": "pulse_stream"
    }
  ]
}
